INSERT INTO producer (surname, name, patronymic, passport_data, date_of_birth, tin) 
VALUES 
	('Смит', 'Джон', 'Макдоналд', '1234 567890', '1975-05-14', '1234567890'),
	('Джонсон', 'Эмили', NULL, '2345 678901', '1982-07-23', '2345678901'),
	('Браун', 'Майкл', NULL, '3456 789012', '1968-03-12', '3456789012'),
	('Тейлор', 'Сара', NULL, '4567 890123', '1990-09-17', '4567890123'),
	('Андерсон', 'Кевин', 'Пол', '5678 901234', '1985-02-24', '5678901234'),
	('Томпсон', 'Лора', NULL, '6789 012345', '1978-11-03', '6789012345'),
	('Мур', 'Роберт', NULL, '7890 123456', '1987-12-13', '7890123456'),
	('Мартин', 'Лиза', NULL, '8901 234567', '1995-06-21', '8901234567'),
	('Ли', 'Дэвид', NULL, '9012 345678', '1973-08-30', '9012345678'),
	('Уайт', 'Мэри', NULL, '0123 456789', '1980-01-15', '0123456789');


INSERT INTO genre (name) 
VALUES 
	('Рок'), 
	('Поп'), 
	('Джаз'), 
	('Классика'), 
	('Хип-хоп'),
	('Электронная'),
	('Блюз'),
	('Регги'),
	('Панк'),
	('Металл'),
	('Альтернатива');
	

INSERT INTO country (name)
VALUES 
	('США'), 
	('Великобритания'), 
	('Канада'), 
	('Германия'), 
	('Франция'),
	('Швеция'),
	('Австралия'),
	('Италия'),
	('Испания'),
	('Бразилия'),
	('Россия');


INSERT INTO city (country_id, name, location_info) 
VALUES 
	((SELECT id FROM country WHERE name = 'США'),'Нью-Йорк', 'Восточное побережье'),
	((SELECT id FROM country WHERE name = 'США'), 'Лос-Анджелес', 'Западное побережье'),
	((SELECT id FROM country WHERE name = 'Великобритания'), 'Лондон', 'Юго-Восток'),
	((SELECT id FROM country WHERE name = 'Канада'), 'Торонто', 'Юг Онтарио'),
	((SELECT id FROM country WHERE name = 'Германия'), 'Берлин', 'Северо-Восток'),
	((SELECT id FROM country WHERE name = 'Франция'), 'Париж', 'Северо-Центральная'),
	((SELECT id FROM country WHERE name = 'Швеция'), 'Стокгольм', 'Юго-Восток'),
	((SELECT id FROM country WHERE name = 'Австралия'), 'Сидней', 'Юго-Восток'),
	((SELECT id FROM country WHERE name = 'Италия'), 'Рим', 'Центральная Италия'),
	((SELECT id FROM country WHERE name = 'Испания'), 'Мадрид', 'Центральная Испания'),
	((SELECT id FROM country WHERE name = 'Россия'), 'Москва', 'Центральная Россия');
	

INSERT INTO music_group (country_of_origin_id, name, start_date, end_date)
VALUES 
	((SELECT id FROM country WHERE name = 'Великобритания'), 'The Beatles', '1960-01-01', '1970-12-31'),
	((SELECT id FROM country WHERE name = 'Великобритания'),'Queen', '1970-01-01', '1991-11-24'),
	((SELECT id FROM country WHERE name = 'Великобритания'),'Pink Floyd', '1965-01-01', NULL),
	((SELECT id FROM country WHERE name = 'Великобритания'),'The Rolling Stones', '1962-01-01', NULL),
	((SELECT id FROM country WHERE name = 'Великобритания'),'Led Zeppelin', '1968-01-01', '1980-12-31'),
	((SELECT id FROM country WHERE name = 'Австралия'),'AC/DC', '1973-01-01', NULL),
	((SELECT id FROM country WHERE name = 'США'),'Nirvana', '1987-01-01', '1994-04-05'),
	((SELECT id FROM country WHERE name = 'США'),'Metallica', '1981-01-01', NULL),
	((SELECT id FROM country WHERE name = 'США'),'U2', '1976-01-01', NULL),
	((SELECT id FROM country WHERE name = 'Великобритания'),'Coldplay', '1996-01-01', NULL),
	((SELECT id FROM country WHERE name = 'Россия'),'Ария', '1954-10-31', NULL);
	

INSERT INTO producer_of_group (group_id, producer_id, start_date, end_date) 
VALUES 
	((SELECT id FROM music_group WHERE name = 'The Beatles'), 
	 	(SELECT id FROM producer WHERE id = 1),
	 	'1960-01-01', '1970-12-31'),
	((SELECT id FROM music_group WHERE name = 'Queen'), 
		(SELECT id FROM producer WHERE id = 2), 
		'1970-01-01', '1991-11-24'),
	((SELECT id FROM music_group WHERE name = 'Pink Floyd'), 
		(SELECT id FROM producer WHERE id = 3), 
		'1965-01-01', NULL),
	((SELECT id FROM music_group WHERE name = 'The Rolling Stones'), 
		(SELECT id FROM producer WHERE id = 4), 
		'1962-01-01', NULL),
	((SELECT id FROM music_group WHERE name = 'Led Zeppelin'), 
		(SELECT id FROM producer WHERE id = 5), 
		'1968-01-01', '1980-12-31'),
	((SELECT id FROM music_group WHERE name = 'AC/DC'), 
		(SELECT id FROM producer WHERE id = 6), 
		'1973-01-01', NULL),
	((SELECT id FROM music_group WHERE name = 'Nirvana'), 
		(SELECT id FROM producer WHERE id = 7),
		'1987-01-01', '1994-04-05'),
	((SELECT id FROM music_group WHERE name = 'Metallica'), 
		(SELECT id FROM producer WHERE id = 8), 
		'1981-01-01', NULL),
	((SELECT id FROM music_group WHERE name = 'U2'), 
		(SELECT id FROM producer WHERE id = 9), 
		'1976-01-01', NULL),
	((SELECT id FROM music_group WHERE name = 'Coldplay'), 
		(SELECT id FROM producer WHERE id = 10), 
		'1996-01-01', NULL),
	((SELECT id FROM music_group WHERE name = 'Ария'), 
		(SELECT id FROM producer WHERE id = 10), 
		'1996-01-01', NULL);
		
	
INSERT INTO genre_of_group (genre_id, group_id, importance) 
VALUES
	((SELECT id FROM genre WHERE name = 'Рок'),
		(SELECT id FROM music_group WHERE name = 'The Beatles'),
		10),
	((SELECT id FROM genre WHERE name = 'Рок'),
		(SELECT id FROM music_group WHERE name = 'Queen'),
		10),
	((SELECT id FROM genre WHERE name = 'Рок'),
		(SELECT id FROM music_group WHERE name = 'Pink Floyd'),
		10),
	((SELECT id FROM genre WHERE name = 'Альтернатива'),
		(SELECT id FROM music_group WHERE name = 'Pink Floyd'),
		8),
	((SELECT id FROM genre WHERE name = 'Рок'),
		(SELECT id FROM music_group WHERE name = 'The Rolling Stones'),
		10),
	((SELECT id FROM genre WHERE name = 'Рок'),
		(SELECT id FROM music_group WHERE name = 'Led Zeppelin'), 
		10),
	((SELECT id FROM genre WHERE name = 'Рок'),
		(SELECT id FROM music_group WHERE name = 'AC/DC'),
		10),
	((SELECT id FROM genre WHERE name = 'Рок'),
		(SELECT id FROM music_group WHERE name = 'Nirvana'),
		10),
	((SELECT id FROM genre WHERE name = 'Металл'),
		(SELECT id FROM music_group WHERE name = 'Metallica'),
		10),
	((SELECT id FROM genre WHERE name = 'Рок'),
		(SELECT id FROM music_group WHERE name = 'U2'), 
		10),
	((SELECT id FROM genre WHERE name = 'Рок'),
		(SELECT id FROM music_group WHERE name = 'Coldplay'),
		10),
	((SELECT id FROM genre WHERE name = 'Рок'),
		(SELECT id FROM music_group WHERE name = 'Ария'),
		10),
	((SELECT id FROM genre WHERE name = 'Металл'),
		(SELECT id FROM music_group WHERE name = 'Ария'),
		9);	
		
		
INSERT INTO instrument_class (name) 
VALUES
	('Струнные'),
	('Клавишные'),
	('Ударные'),
	('Духовые'),
	('Электронные');	
	

INSERT INTO instrument (name, class_id)
VALUES
	('Гитара', (SELECT id FROM instrument_class WHERE name = 'Струнные')),
	('Бас-гитара', (SELECT id FROM instrument_class WHERE name = 'Струнные')),
	('Фортепиано', (SELECT id FROM instrument_class WHERE name = 'Клавишные')),
	('Барабаны', (SELECT id FROM instrument_class WHERE name = 'Ударные')),
	('Саксофон', (SELECT id FROM instrument_class WHERE name = 'Духовые')),
	('Синтезатор', (SELECT id FROM instrument_class WHERE name = 'Электронные'));
	

INSERT INTO musician (main_genre_id, city_of_birth_id, surname, name, patronymic, date_of_birth, passport_data) 
VALUES 
	((SELECT id FROM genre WHERE name = 'Рок'), 
		(SELECT id FROM city WHERE name = 'Лондон'), 
		'Леннон', 'Джон', NULL, '1940-10-09', '1234 567890'),
	((SELECT id FROM genre WHERE name = 'Рок'),
		(SELECT id FROM city WHERE name = 'Лондон'),
		'Маккартни', 'Пол', NULL, '1942-06-18', '2345 678901'),
	((SELECT id FROM genre WHERE name = 'Рок'), 
		(SELECT id FROM city WHERE name = 'Лондон'), 
		'Меркьюри', 'Фредди', NULL, '1946-09-05', '3456 789012'),
	((SELECT id FROM genre WHERE name = 'Рок'), 
		(SELECT id FROM city WHERE name = 'Лондон'), 
		'Мэй', 'Брайан', NULL, '1947-07-19', '4567 890123'),
	((SELECT id FROM genre WHERE name = 'Рок'), 
		(SELECT id FROM city WHERE name = 'Лондон'), 
		'Гилмор', 'Дэвид', NULL, '1946-03-06', '5678 901234'),
	((SELECT id FROM genre WHERE name = 'Рок'), 
		(SELECT id FROM city WHERE name = 'Лондон'), 
		'Уотерс', 'Роджер', NULL, '1943-09-06', '6789 012345'),
	((SELECT id FROM genre WHERE name = 'Рок'), 
		(SELECT id FROM city WHERE name = 'Лондон'), 
		'Джаггер', 'Мик', NULL, '1943-07-26', '7890 123456'),
	((SELECT id FROM genre WHERE name = 'Рок'), 
		(SELECT id FROM city WHERE name = 'Лондон'), 
		'Ричардс', 'Кит', NULL, '1943-12-18', '8901 234567'),
	((SELECT id FROM genre WHERE name = 'Рок'), 
		(SELECT id FROM city WHERE name = 'Лондон'), 
		'Плант', 'Роберт', NULL, '1948-08-20', '9012 345678'),
	((SELECT id FROM genre WHERE name = 'Рок'), 
		(SELECT id FROM city WHERE name = 'Лондон'), 
		'Пейдж', 'Джимми', NULL, '1944-01-09', '0123 456789'),
	((SELECT id FROM genre WHERE name = 'Металл'), 
		(SELECT id FROM city WHERE name = 'Лондон'), 
		'Кипелов', 'Валерий', 'Александрович', '1958-07-12', '0156 466789');


INSERT INTO group_member (musician_id, group_id, start_date, end_date, nickname, is_leader) 
VALUES
	((SELECT id FROM musician WHERE id = 1), 
		(SELECT id FROM music_group WHERE name ='The Beatles'), 
		'1960-01-01', '1970-12-31', 'John', TRUE),
	((SELECT id FROM musician WHERE id = 2), 
		(SELECT id FROM music_group WHERE name = 'The Beatles'), 
		'1960-01-01', '1970-12-31', 'Paul', FALSE),
	((SELECT id FROM musician WHERE id = 3), 
		(SELECT id FROM music_group WHERE name = 'Queen'), 
		'1970-01-01', '1991-11-24', 'Freddie', TRUE),
	((SELECT id FROM musician WHERE id = 4), 
		(SELECT id FROM music_group WHERE name ='Queen'), 
		'1970-01-01', NULL, 'Brian', FALSE),
	((SELECT id FROM musician WHERE id = 5), 
		(SELECT id FROM music_group WHERE name = 'Pink Floyd'), 
		'1968-01-01', NULL, 'David', FALSE),
	((SELECT id FROM musician WHERE id = 6), 
		(SELECT id FROM music_group WHERE name = 'Pink Floyd'), 
		'1965-01-01', '1985-12-01', 'Roger', TRUE),
	((SELECT id FROM musician WHERE id = 7), 
		(SELECT id FROM music_group WHERE name ='The Rolling Stones'), 
		'1962-01-01', NULL, 'Mick', TRUE),
	((SELECT id FROM musician WHERE id = 8), 
		(SELECT id FROM music_group WHERE name = 'The Rolling Stones'), 
		'1962-01-01', NULL, 'Keith', FALSE),
	((SELECT id FROM musician WHERE id = 9), 
		(SELECT id FROM music_group WHERE name = 'Led Zeppelin'), 
		'1968-01-01', '1980-12-31', 'Robert', TRUE),
	((SELECT id FROM musician WHERE id = 10), 
		(SELECT id FROM music_group WHERE name = 'Led Zeppelin'), 
		'1968-01-01', '1980-12-31', 'Jimmy', FALSE),
	((SELECT id FROM musician WHERE id = 11), 
		(SELECT id FROM music_group WHERE name = 'Ария'), 
		'1985-05-06', '2002-11-17', 'Кипелов', TRUE);


INSERT INTO musician_instrument (musician_id, instrument_id, importance)
VALUES
	((SELECT id FROM musician WHERE id = 1),
		(SELECT id FROM instrument WHERE id = 1), 
		10),
	((SELECT id FROM musician WHERE id = 2), 
		(SELECT id FROM instrument WHERE id = 2), 
		10),
	((SELECT id FROM musician WHERE id = 3), 
		(SELECT id FROM instrument WHERE id = 3), 
		10),
	((SELECT id FROM musician WHERE id = 4), 
		(SELECT id FROM instrument WHERE id = 1), 
		10),
	((SELECT id FROM musician WHERE id = 5),
		(SELECT id FROM instrument WHERE id = 1), 
		10),
	((SELECT id FROM musician WHERE id = 6), 
		(SELECT id FROM instrument WHERE id = 2), 
		10),
	((SELECT id FROM musician WHERE id = 7), 
		(SELECT id FROM instrument WHERE id = 4), 
		8),
	((SELECT id FROM musician WHERE id = 8), 
		(SELECT id FROM instrument WHERE id = 5), 
		10),
	((SELECT id FROM musician WHERE id = 9), 
		(SELECT id FROM instrument WHERE id = 1), 
		8),
	((SELECT id FROM musician WHERE id = 10), 
		(SELECT id FROM instrument WHERE id = 6), 
		10);
		

INSERT INTO album (name, release_date, duration, description) 
VALUES 
	('Abbey Road', '1969-09-26', '00:47:23', 'Альбом группы The Beatles'),
	('A Night at the Opera', '1975-11-21', '00:43:08', 'Альбом группы Queen'),
	('The Dark Side of the Moon', '1973-03-01', '00:42:49', NULL),
	('Sticky Fingers', '1971-04-23', '00:46:25', 'Альбом группы The Rolling Stones'),
	('Led Zeppelin IV', '1971-11-08', '00:42:38', 'Альбом группы Led Zeppelin'),
	('Back in Black', '1980-07-25', '00:42:11', 'Альбом группы AC/DC'),
	('Nevermind', '1991-09-24', '00:49:23', NULL),
	('Metallica', '1991-08-12', '01:02:40', 'Альбом группы Metallica'),
	('The Joshua Tree', '1987-03-09', '00:50:11', 'Альбом группы U2'),
	('Parachutes', '2000-07-10', '00:42:11', 'Альбом группы Coldplay'),
	('Ночь короче дня', '1995-09-11', '00:45:07', NULL);


INSERT INTO genre_of_album (genre_id, album_id, importance) 
VALUES
	((SELECT id FROM genre WHERE name = 'Рок'),
		(SELECT id FROM album WHERE name = 'Abbey Road'), 
		10),
	((SELECT id FROM genre WHERE name = 'Рок'), 
		(SELECT id FROM album WHERE name = 'A Night at the Opera'), 
		10),
	((SELECT id FROM genre WHERE name = 'Рок'), 
		(SELECT id FROM album WHERE name = 'The Dark Side of the Moon'), 
		10),
	((SELECT id FROM genre WHERE name = 'Рок'), 
		(SELECT id FROM album WHERE name = 'Sticky Fingers'),
		10),
	((SELECT id FROM genre WHERE name = 'Рок'), 
		(SELECT id FROM album WHERE name = 'Led Zeppelin IV'), 
		9),
	((SELECT id FROM genre WHERE name = 'Рок'), 
		(SELECT id FROM album WHERE name = 'Back in Black'), 
		10),
	((SELECT id FROM genre WHERE name = 'Рок'), 
		(SELECT id FROM album WHERE name = 'Nevermind'), 
		10),
	((SELECT id FROM genre WHERE name = 'Металл'), 
		(SELECT id FROM album WHERE name = 'Metallica'), 
		10),
	((SELECT id FROM genre WHERE name = 'Рок'), 
		(SELECT id FROM album WHERE name = 'The Joshua Tree'),
		8),
	((SELECT id FROM genre WHERE name = 'Рок'), 
		(SELECT id FROM album WHERE name = 'Parachutes'), 
		10),
	((SELECT id FROM genre WHERE name = 'Металл'), 
		(SELECT id FROM album WHERE name = 'Ночь короче дня'), 
		8);

	
INSERT INTO group_on_album (group_id, album_id, is_owner) 
VALUES
	((SELECT id FROM music_group WHERE name = 'The Beatles'), 
		(SELECT id FROM album WHERE name = 'Abbey Road'), 
		TRUE),
	((SELECT id FROM music_group WHERE name = 'Queen'), 
		(SELECT id FROM album WHERE name = 'A Night at the Opera'), 
		TRUE),
	((SELECT id FROM music_group WHERE name = 'Pink Floyd'), 
		(SELECT id FROM album WHERE name = 'The Dark Side of the Moon'), 
		TRUE),
	((SELECT id FROM music_group WHERE name = 'The Rolling Stones'), 
		(SELECT id FROM album WHERE name = 'Sticky Fingers'), 
		TRUE),
	((SELECT id FROM music_group WHERE name = 'Led Zeppelin'), 
		(SELECT id FROM album WHERE name = 'Led Zeppelin IV'), 
		TRUE),
	((SELECT id FROM music_group WHERE name = 'AC/DC'), 
		(SELECT id FROM album WHERE name = 'Back in Black'),
		TRUE),
	((SELECT id FROM music_group WHERE name = 'Nirvana'),
		(SELECT id FROM album WHERE name = 'Nevermind'), 
		TRUE),
	((SELECT id FROM music_group WHERE name = 'Metallica'), 
		(SELECT id FROM album WHERE name = 'Metallica'), 
		TRUE),
	((SELECT id FROM music_group WHERE name = 'U2'), 
		(SELECT id FROM album WHERE name = 'The Joshua Tree'), 
		TRUE),
	((SELECT id FROM music_group WHERE name = 'Coldplay'), 
		(SELECT id FROM album WHERE name = 'Parachutes'),
		TRUE),
	((SELECT id FROM music_group WHERE name = 'Ария'), 
		(SELECT id FROM album WHERE name = 'Ночь короче дня'),
		TRUE);
	

INSERT INTO tour (name, start_date, end_date, description) 
VALUES 
	('The Beatles World Tour', '1964-06-01', '1964-08-31', 'Мировой тур группы The Beatles'),
	('Queen Live Tour', '1977-11-01', '1978-05-15', 'Живые выступления группы Queen'),
	('The Wall Tour', '1980-02-07', '1981-06-17', 'Тур группы Pink Floyd с альбомом The Wall'),
	('The Rolling Stones American Tour', '1981-09-25', '1981-12-19', 'Американский тур группы The Rolling Stones'),
	('Led Zeppelin North America Tour', '1975-01-18', '1975-03-27', 'Североамериканский тур группы Led Zeppelin');


INSERT INTO group_in_tour (group_id, tour_id, is_owner) 
VALUES
	((SELECT id FROM music_group WHERE name = 'The Beatles'), 
		(SELECT id FROM tour WHERE id = 1), 
		TRUE),
	((SELECT id FROM music_group WHERE name = 'Queen'), 
		(SELECT id FROM tour WHERE id = 2), 
		TRUE),
	((SELECT id FROM music_group WHERE name = 'Pink Floyd'), 
		(SELECT id FROM tour WHERE id = 3),
		TRUE),
	((SELECT id FROM music_group WHERE name = 'The Rolling Stones'),
		(SELECT id FROM tour WHERE id = 4),
		TRUE),
	((SELECT id FROM music_group WHERE name = 'Led Zeppelin'), 
		(SELECT id FROM tour WHERE id = 5), 
		TRUE);

	
INSERT INTO concert (tour_id, city_id, start_date, end_date, duration, location_info) 
VALUES 
	((SELECT id FROM tour WHERE id = 1), 
		(SELECT id FROM city WHERE id = 1), 
		'1964-08-15 19:00:00', '1964-08-15 21:00:00', '02:00:00', 'Shea Stadium'),
	((SELECT id FROM tour WHERE id = 1), 
		(SELECT id FROM city WHERE id = 3), 
		'1964-06-01 19:00:00', '1964-06-01 21:00:00', '02:00:00', 'Wembley Stadium'),
	((SELECT id FROM tour WHERE id = 2), 
		(SELECT id FROM city WHERE id = 2), 
		'1977-12-15 20:00:00', '1977-12-15 22:30:00', '02:30:00', 'The Forum'),
	((SELECT id FROM tour WHERE id = 2), 
		(SELECT id FROM city WHERE id = 6), 
		'1978-05-01 20:00:00', '1978-05-01 22:30:00', '02:30:00', 'Pavillon de Paris'),
	((SELECT id FROM tour WHERE id = 3), 
		(SELECT id FROM city WHERE id = 5), 
		'1980-08-07 19:30:00', '1980-08-07 22:00:00', '02:30:00', 'Deutschlandhalle'),
	((SELECT id FROM tour WHERE id = 3), 
		(SELECT id FROM city WHERE id = 3), 
		'1981-06-17 19:30:00', '1981-06-17 22:00:00', '02:30:00', 'Earls Court'),
	((SELECT id FROM tour WHERE id = 4), 
		(SELECT id FROM city WHERE id = 2), 
		'1981-10-09 19:30:00', '1981-10-09 22:00:00', '02:30:00', 'Los Angeles Memorial Coliseum'),
	((SELECT id FROM tour WHERE id = 4), 
		(SELECT id FROM city WHERE id = 1), 
		'1981-10-28 19:30:00', '1981-10-28 22:00:00', '02:30:00', 'Madison Square Garden'),
	((SELECT id FROM tour WHERE id = 5), 
		(SELECT id FROM city WHERE id = 1), 
		'1975-02-03 20:00:00', '1975-02-03 23:00:00', '03:00:00', 'Madison Square Garden'),
	((SELECT id FROM tour WHERE id = 5), 
		(SELECT id FROM city WHERE id = 4), 
		'1975-02-09 20:00:00', '1975-02-09 23:00:00', '03:00:00', 'Chicago Stadium');	
		

INSERT INTO song (name, creation_date, duration, description)
VALUES 
	('Come Together', '1969-07-21', '00:04:20', 'Песня группы The Beatles'),
	('Bohemian Rhapsody', '1975-08-31', '00:05:55', 'Песня группы Queen'),
	('Money', '1973-03-01', '00:06:22', 'Песня группы Pink Floyd'),
	('Brown Sugar', '1971-02-25', '00:03:49', NULL),
	('Stairway to Heaven', '1971-11-08', '00:08:02', 'Песня группы Led Zeppelin'),
	('Back in Black', '1980-07-25', '00:04:15', 'Песня группы AC/DC'),
	('Smells Like Teen Spirit', '1991-08-27', '00:05:01', NULL),
	('Enter Sandman', '1991-07-29', '00:05:31', 'Песня группы Metallica'),
	('With or Without You', '1987-03-09', '00:04:56', 'Песня группы U2.'),
	('Yellow', '2000-06-26', '00:04:29', NULL),
	('Ночь короче дня', '1995-09-11', '00:07:14', NULL),
	('Паранойя', '1995-09-11', '00:04:59', NULL);
	

INSERT INTO genre_of_song (genre_id, song_id, importance) 
VALUES
	((SELECT id FROM genre WHERE name = 'Рок'), 
		(SELECT id FROM song WHERE id = 1), 
		10),
	((SELECT id FROM genre WHERE name = 'Рок'), 
		(SELECT id FROM song WHERE id = 2), 
		10),
	((SELECT id FROM genre WHERE name = 'Рок'), 
		(SELECT id FROM song WHERE id = 3), 
		9),
	((SELECT id FROM genre WHERE name = 'Альтернатива'), 
		(SELECT id FROM song WHERE id = 4), 
		7),
	((SELECT id FROM genre WHERE name = 'Рок'), 
		(SELECT id FROM song WHERE id = 5), 
		10),
	((SELECT id FROM genre WHERE name = 'Рок'), 
		(SELECT id FROM song WHERE id = 6),
		10),
	((SELECT id FROM genre WHERE name = 'Рок'), 
		(SELECT id FROM song WHERE id = 7), 
		10),
	((SELECT id FROM genre WHERE name = 'Металл'), 
		(SELECT id FROM song WHERE id = 8), 
		9),
	((SELECT id FROM genre WHERE name = 'Рок'), 
		(SELECT id FROM song WHERE id = 9), 
		10),
	((SELECT id FROM genre WHERE name = 'Рок'), 
		(SELECT id FROM song WHERE id = 10), 
		8),
	((SELECT id FROM genre WHERE name = 'Рок'), 
		(SELECT id FROM song WHERE id = 11), 
		10),
	((SELECT id FROM genre WHERE name = 'Металл'), 
		(SELECT id FROM song WHERE id = 12), 
		7);
		
	
INSERT INTO group_on_song (song_id, group_id, is_owner) 
VALUES
	((SELECT id FROM song WHERE id = 1), 
		(SELECT id FROM music_group WHERE name = 'The Beatles'), 
		TRUE),
	((SELECT id FROM song WHERE id = 2), 
		(SELECT id FROM music_group WHERE name = 'Queen'), 
		TRUE),
	((SELECT id FROM song WHERE id = 3), 
		(SELECT id FROM music_group WHERE name = 'Pink Floyd'), 
		TRUE),
	((SELECT id FROM song WHERE id = 4), 
		(SELECT id FROM music_group WHERE name = 'The Rolling Stones'), 
		TRUE),
	((SELECT id FROM song WHERE id = 5), 
		(SELECT id FROM music_group WHERE name = 'Led Zeppelin'), 
		TRUE),
	((SELECT id FROM song WHERE id = 6), 
		(SELECT id FROM music_group WHERE name = 'AC/DC'), 
		TRUE),
	((SELECT id FROM song WHERE id = 7), 
		(SELECT id FROM music_group WHERE name = 'Nirvana'),
		TRUE),
	((SELECT id FROM song WHERE id = 8), 
		(SELECT id FROM music_group WHERE name = 'Metallica'), 
		TRUE),
	((SELECT id FROM song WHERE id = 9), 
		(SELECT id FROM music_group WHERE name = 'U2'), 
		TRUE),
	((SELECT id FROM song WHERE id = 10), 
		(SELECT id FROM music_group WHERE name = 'Coldplay'), 
		TRUE),
	((SELECT id FROM song WHERE id = 11), 
		(SELECT id FROM music_group WHERE name = 'Ария'), 
		TRUE),
	((SELECT id FROM song WHERE id = 12), 
		(SELECT id FROM music_group WHERE name = 'Ария'), 
		TRUE);
		
	
INSERT INTO song_on_album (song_id, album_id, song_number) 
VALUES
	((SELECT id FROM song WHERE id = 1), 
		(SELECT id FROM album WHERE name = 'Abbey Road'), 
		1),
	((SELECT id FROM song WHERE id = 2), 
		(SELECT id FROM album WHERE name = 'A Night at the Opera'), 
		2),
	((SELECT id FROM song WHERE id = 3), 
		(SELECT id FROM album WHERE name = 'The Dark Side of the Moon'), 
		6),
	((SELECT id FROM song WHERE id = 4), 
		(SELECT id FROM album WHERE name = 'Sticky Fingers'), 
		1),
	((SELECT id FROM song WHERE id = 5), 
		(SELECT id FROM album WHERE name = 'Led Zeppelin IV'), 
		4),
	((SELECT id FROM song WHERE id = 6), 
		(SELECT id FROM album WHERE name = 'Back in Black'), 
		1),
	((SELECT id FROM song WHERE id = 7), 
		(SELECT id FROM album WHERE name = 'Nevermind'), 
		1),
	((SELECT id FROM song WHERE id = 8), 
		(SELECT id FROM album WHERE name = 'Metallica'), 
		1),
	((SELECT id FROM song WHERE id = 9), 
		(SELECT id FROM album WHERE name = 'The Joshua Tree'), 
		3),
	((SELECT id FROM song WHERE id = 10), 
		(SELECT id FROM album WHERE name = 'Parachutes'), 
		5),
	((SELECT id FROM song WHERE id = 11), 
		(SELECT id FROM album WHERE name = 'Ночь короче дня'), 
		1),
	((SELECT id FROM song WHERE id = 12), 
		(SELECT id FROM album WHERE name = 'Ночь короче дня'), 
		5);	